Designator,Footprint,Quantity,Value,LCSC Part #
BT1,BatteryHolder_Keystone_1042_1x18650,1,Battery_Cell,
C1,0603,1,4.7uF,
"C10, C11, C12, C14, C18, C20, C30, C9",0603,8,100n,
C13,0603,1,10u,
"C15, C22, C3",0603,3,4.7u,
"C16, C17",0805,2,22u,
C2,CP_Elec_5x5.4,1,10u,
"C21, C23, C24, C25, C26, C27, C29, C7",0603,8,1u/25V,
C28,0603,1,4.7u/25V,
"C4, C5",0603,2,10uF,
"C6, C8",0603,2,18p,
"D1, D4, D5, D6, D7",D_SOD-123,5,SS2040,
D2,0603,1,LED_DEBUG,
D3,0603,1,LED_5V,
"H1, H2, H3, H4",MountingHole_3mm_Pad_Via,4,MountingHole_Pad,
J1,USB_C_Receptacle_GCT_USB4105-xx-A_16P_TopMnt_Horizontal,1,USB_C_Receptacle_USB2.0,
J2,HRS_FH34SRJ-24S-0.5SH(99),1, FH34SRJ 24S,
J3,PinHeader_1x04_P2.54mm_Vertical_SMD_Pin1Left,1,Conn_01x04_Socket,
L1,0805,1,DFE201612E-2R2M=P2,
L2,1210,1,L,
Q1,SOT-23,1,AO3401A,
"Q2, Q3",SC-59,2,SK3424,
R1,0603,1,2K,
"R10, R5",0603,2,4k7,
R12,0603,1,1.5k,
R13,0603,1,1k,
R18,0603,1,2M,
R19,0603,1,4M,
"R2, R4",0603,2,10k,
"R20, R21, R22",0603,3,33,
R3,0603,1,270,
"R6, R7",0603,2,5k1,
R8,0603,1,0.47,
R9,0603,1,120,
SW1,SW_SPST_CK_RS282G05A3,1,BOOT,
SW3,SW_SPST_CK_RS282G05A3,1,RST,
TP3,TestPoint_Pad_D1.0mm,1,VBAT_SENSE,
TP4,TestPoint_Pad_D1.0mm,1,DCF77_OUT,
TP5,TestPoint_Pad_D1.0mm,1,SPI_CLK,
TP6,TestPoint_Pad_D1.0mm,1,SPI_CS,
TP7,TestPoint_Pad_D1.0mm,1,SPI_DATA,
U1,SOT-23-5,1,MCP73831-2-OT,
U2,SOT-223-3_TabPin2,1,NCP1117-3.3_SOT223,
U3,LQFP-48_7x7mm_P0.5mm,1,STM32F302C6Tx,
U4,SOT-23-5,1,TPS613222ADBV,
U5,Texas_PWSON-N6,1,HDC1080,
U7,SOT-23-5,1,TLV8811DBV,
Y1,Crystal_SMD_5032-4Pin_5.0x3.2mm,1,8MHz,
